code,id,uta,uta1
010,00001,みよしのは−やまもかすみて−しらゆきの−ふりにしさとに−はるはきにけり,はるたつと−いふはかりにや−みよしのの−やまもかすみて−けさはみゆらむ
010,00002,ほのほのと−はるこそそらに−きにけらし−あまのかくやま−かすみたなひく,ひさかたの−あまのかくやま−このゆふへ−かすみたなひく−はるたつらしも
010,00005,けふといへは−もろこしまても−ゆくはるを−みやこにのみと−おもひけるかな,はるかなる−もろこしまても−ゆくものは−あきのねさめの−こころなりけり
010,00013,わかなつむ−そてとそみゆる−かすかのの−とふひののへの−ゆきのむらきえ,かすかのの−わかなつみにや−しろたへの−そてふりはへて−ひとのゆくらむ
010,00015,さはにおふる−わかなならねと−いたつらに−としをつむにも−そてはぬれけり,はるののの−わかなならねと−きみかため−としのかすをも−つまむとそおもふ
010,00017,たにかはの−うちいつるなみも−こゑたてつ−うくひすさそへ−はるのやまかせ,たにかせに−とくるこほりの−ひまことに−うちいつるなみや−はるのはつはな
010,00017,たにかはの−うちいつるなみも−こゑたてつ−うくひすさそへ−はるのやまかせ,はなのかを−かせのたよりに−たくへてそ−うくひすさそふ−しるへにはやる
010,00018,うくひすの−なけともいまた−ふるゆきに−すきのはしろき−あふさかのやま,うめかえに−きゐるうくひす−はるかけて−なけともいまた−ゆきはふりつつ
010,00019,はるきては−はなともみよと−かたをかの−まつのうははに−あはゆきそふる,はるたては−はなとやみらむ−しらゆきの−かかれるえたに−うくひすそなく
010,00025,みしまえや−しももまたひぬ−あしのはに−つのくむほとの−はるかせそふく,みしまえに−つのくみわたる−あしのねの−ひとよのほとに−はるめきにけり
010,00026,ゆふつくよ−しほみちくらし−なにはえの−あしのわかはに−こゆるしらなみ,はなならて−をらまほしきは−なにはえの−あしのわかはに−ふれるしらゆき
010,00028,うめかえに−ものうきほとに−ちるゆきを−はなともいはし−はるのなたてに,うめかえに−ふりおけるゆきを−はるちかみ−めのうちつけに−はなかとそみる
010,00031,うくひすの−なみたのつらら−うちとけて−ふるすなからや−はるをしるらむ,ゆきのうちに−はるはきにけり−うくひすの−こほれるなみた−いまやとくらむ
010,00037,かすみたつ−すゑのまつやま−ほのほのと−なみにはなるる−よこくものそら,きみをおきて−あたしこころを−わかもたは−すゑのまつやま−なみもこえなむ
010,00038,はるのよの−ゆめのうきはし−とたえして−みねにわかるる−よこくものそら,かせふけは−みねにわかるる−しらくもの−たえてつれなき−きみかこころか
010,00039,しるらめや−かすみのそらを−なかめつつ−はなもにほはぬ−はるをなけくと,はるたてと−はなもにほはぬ−やまさとは−ものうかるねに−うくひすそなく
010,00040,おほそらは−うめのにほひに−かすみつつ−くもりもはてぬ−はるのよのつき,てりもせす−くもりもはてぬ−はるのよの−おほろつきよに−しくものそなき
010,00046,うめのはな−たかそてふれし−にほひそと−はるやむかしの−つきにとははや,いろよりも−かこそあはれと−おもほゆれ−たかそてふれし−やとのうめそも
010,00047,うめのはな−あかぬいろかも−むかしにて−おなしかたみの−はるのよのつき,よそにのみ−あはれとそみし−うめのはな−あかぬいろかは−をりてなりけり
010,00049,はることに−こころをしむる−はなのえに−たかなほさりの−そてかふれつる,いろよりも−かこそあはれと−おもほゆれ−たかそてふれし−やとのうめそも
010,00053,ちりぬれは−にほひはかりを−うめのはな−ありとやそてに−はるかせのふく,をりつれは−そてこそにほへ−うめのはな−ありとやここに−うくひすのなく
010,00054,ひとりのみ−なかめてちりぬ−うめのはな−しるはかりなる−ひとはとひこす,きみならて−たれにかみせむ−うめのはな−いろをもかをも−しるひとそしる
010,00058,いまはとて−たのむのかりも−うちわひぬ−おほろつきよの−あけほののそら,はるくれは−たのむのかりも−いまはとて−かへるくもちに−おもひたつなり
010,00059,きくひとそ−なみたはおつる−かへるかり−なきてゆくなる−あけほののそら,なきわたる−かりのなみたや−おちつらむ−ものおもふやとの−はきのうへのつゆ
010,00070,みよしのの−おほかはのへの−ふるやなき−かけこそみえね−はるめきにけり,みよしのの−おほかはのへの−ふちなみの−なみにおもはは−わかこひめやは
010,00071,あらしふく−きしのやなきの−いなむしろ−おりしくなみに−まかせてそみる,日本書紀
010,00073,はるかせの−かすみふきとく−たえまより−みたれてなひく−あをやきのいと,あさみとり−みたれてなひく−あをやきの−いろにそはるの−かせもみえける
010,00075,あをやきの−いとにたまぬく−しらつゆの−しらすいくよの−はるかへぬらむ,あさみとり−いとよりかけて−しらつゆを−たまにもぬける−はるのやなきか
010,00075,あをやきの−いとにたまぬく−しらつゆの−しらすいくよの−はるかへぬらむ,あをやきの−みとりのいとを−くりかへし−いくらはかりの−はるをへぬらむ
010,00082,おもふとち−そこともしらす−ゆきくれぬ−はなのやとかせ−のへのうくひす,おもふとち−はるのやまへに−うちむれて−そこともいはぬ−たひねしてしか
010,00087,かつらきや−たかまのさくら−さきにけり−たつたのおくに−かかるしらくも,さくらはな−さきにけらしな−あしひきの−やまのかひより−みゆるしらくも
010,00087,かつらきや−たかまのさくら−さきにけり−たつたのおくに−かかるしらくも,よそにのみ−みてややみなむ−かつらきの−たかまのやまの−みねのしらくも
010,00090,しらくもの−たつたのやまの−やへさくら−いつれをはなと−わきてをりけむ,ゆきふれは−きことにはなそ−さきにける−いつれをうめと−わきてをらまし
010,00091,しらくもの−はるはかさねて−たつたやま−をくらのみねに−はなにほふらし,しらくもの−たつたのやまの−たきのうへの−をくらのみねに−さきををる−さくらのはなは−やまたかみ−かせしやまねは−はるさめの−つきてしふれは−ほつえは−ちりすきにけり−しつえに−のこれるはなは−しましくは−ちりなみたれそ−くさまくら−たひゆくきみか−かへりくるまて
010,00092,よしのやま−はなやさかりに−にほふらむ−ふるさとさえぬ−みねのしらゆき,みよしのの−やまのしらゆき−つもるらし−ふるさとさむく−なりまさるなり
010,00093,いはねふみ−かさなるやまを−わけすてて−はなもいくへの−あとのしらくも,いはねふみ−かさなるやまは−なけれとも−あはぬひかすを−こひやわたらむ
010,00095,ちりちらす−ひともたつねぬ−ふるさとの−つゆけきはなに−はるかせそふく,ちりちらす−きかまほしきを−ふるさとの−はなみてかへる−ひともあはなむ
010,00096,いそのかみ−ふるののさくら−たれうゑて−はるはわすれぬ−かたみなるらむ,いそのかみ−ふるのやまへの−さくらはな−うゑけむときを−しるひとそなき
010,00097,はなそみる−みちのしはくさ−ふみわけて−よしののみやの−はるのあけほの,たちかはり−ふるきみやこと−なりぬれは−みちのしはくさ−なかくおひにけり
010,00098,あさひかけ−にほへるやまの−さくらはな−つれなくきえぬ−ゆきかとそみる,あさひかけ−にほへるやまに−てるつきの−あかさるきみを−やまこしにおきて
010,00099,さくらさく−とほやまとりの−したりをの−なかなかしひも−あかぬいろかな,あしひきの−やまとりのをの−したりをの−なかなかしよを−ひとりかもねむ
010,00100,いくとせの−はるにこころを−つくしきぬ−あはれとおもへ−みよしののはな,もろともに−あはれとおもへ−やまさくら−はなよりほかに−しるひともなし
010,00102,しらくもの−たなひくやまの−やへさくら−いつれをはなと−ゆきてをらまし,ゆきふれは−きことにはなそ−さきにける−いつれをうめと−わきてをらまし
010,00113,このほとは−しるもしらぬも−たまほこの−ゆきかふそては−はなのかそする,これやこの−ゆくもとまるも−わかれては−しるもしらぬも−あふさかのせき
010,00113,このほとは−しるもしらぬも−たまほこの−ゆきかふそては−はなのかそする,あめふれは−かさとりやまの−もみちはは−ゆきかふひとの−そてさへそてる
010,00115,ちりちらす−おほつかなきは−はるかすみ−たなひくやまの−さくらなりけり,ちりちらす−きかまほしきを−ふるさとの−はなみてかへる−ひともあはなむ
010,00119,はるさめの−そほふるそらの−をやみせす−おつるなみたに−はなそちりける,はるさめの−ふるはなみたか−さくらはな−ちるををしまぬ−ひとしなけれは
010,00121,ときしもあれ−たのむのかりの−わかれさへ−はなちるころの−みよしののさと,みよしのの−たのむのかりも−ひたふるに−きみかかたにそ−よるとなくなる
010,00124,ふもとまて−をのへのさくら−ちりこすは−たなひくくもと−みてやすきまし,くれなゐの−うすはなさくら−にほはすは−みなしらくもと−みてやすきまし
010,00128,はなさそふ−ひらのやまかせ−ふきにけり−こきゆくふねの−あとみゆるまて,よのなかを−なににたとへむ−あさほらけ−こきゆくふねの−あとのしらなみ
010,00131,やまたかみ−いはねのさくら−ちるときは−あまのはころも−なつるとそみる,きみかよは−あまのはころも−まれにきて−なつともつきぬ−いはほならなむ
010,00134,さくらいろの−にはのはるかせ−あともなし−とははそひとの−ゆきとたにみむ,けふこすは−あすはゆきとそ−ふりなまし−きえすはありとも−はなとみましや
010,00135,けふたにも−にはをさかりと−うつるはな−きえすはありとも−ゆきかともみよ,けふこすは−あすはゆきとそ−ふりなまし−きえすはありとも−はなとみましや
010,00135,けふたにも−にはをさかりと−うつるはな−きえすはありとも−ゆきかともみよ,けさみれは−よはのあらしに−ちりはてて−にはこそはなの−さかりなりけれ
010,00136,さそはれぬ−ひとのためとや−のこりけむ−あすよりさきの−はなのしらゆき,けふこすは−あすはゆきとそ−ふりなまし−きえすはありとも−はなとみましや
010,00137,やへにほふ−のきはのさくら−うつろひぬ−かせよりさきに−とふひともかな,みやひとに−ゆきてかたらむ−やまさくら−かせよりさきに−きてもみるへく
010,00139,さくらはな−ゆめかうつつか−しらくもの−たえてつねなき−みねのはるかせ,よのなかは−ゆめかうつつか−うつつとも−ゆめともしらす−ありてなけれは
010,00139,さくらはな−ゆめかうつつか−しらくもの−たえてつねなき−みねのはるかせ,かせふけは−みねにわかるる−しらくもの−たえてつれなき−きみかこころか
010,00140,うらみすや−うきよをはなの−いとひつつ−さそふかせあらはと−おもひけるをは,わひぬれは−みをうきくさの−ねをたえて−さそふみつあらは−いなむとそおもふ
010,00144,ちるはなの−わすれかたみの−みねのくも−そをたにのこせ−はるのやまかせ,あかてこそ−おもはむなかは−はなれなめ−そをたにのちの−わすれかたみに
010,01980,いかにせむ−よにふるなかめ−しはのとに−うつろふはなの−はるのくれかた,はなのいろは−うつりにけりな−いたつらに−わかみよにふる−なかめせしまに
010,00149,はなはちり−そのいろとなく−なかむれは−むなしきそらに−はるさめそふる,くれかたき−なつのひくらし−なかむれは−そのこととなく−ものそかなしき
010,00150,たかたにか−あすはのこさむ−やまさくら−こほれてにほへ−けふのかたみに,あさみとり−のへのかすみは−つつめとも−こほれてにほふ−はなさくらかな
010,00152,はななかす−せをもみるへき−みかつきの−われていりぬる−やまのをちかた,よひのまに−いてていりぬる−みかつきの−われてものおもふ−ころにもあるかな
010,00156,はるふかく−たつねいるさの−やまのはに−ほのみしくもの−いろそのこれる,あつさゆみ−いるさのやまに−まとふかな−ほのみしつきの−かけやみゆると
010,00158,よしのかは−きしのやまふき−さきにけり−みねのさくらは−ちりはてぬらむ,よしのかは−きしのやまふき−ふくかせに−そこのかけさへ−うつろひにけり
010,00159,こまとめて−なほみつかはむ−やまふきの−はなのつゆそふ−ゐてのたまかは,ささのくま−ひのくまかはに−こまとめて−しはしみつかへ−かけをたにみむ
010,00162,あしひきの−やまふきのはな−ちりにけり−ゐてのかはつは−いまやなくらむ,かはつなく−ゐてのやまふき−ちりにけり−はなのさかりに−あはましものを
010,00164,まとゐして−みれともあかぬ−ふちなみの−たたまくをしき−けふにもあるかな,おもふとち−まとゐせるよは−からにしき−たたまくをしき−ものにそありける
010,00167,ちりのこる−はなもやあると−うちむれて−みやまかくれを−たつねてしかな,ふくかせと−たにのみつとし−なかりせは−みやまかくれの−はなをみましや
010,00168,このもとの−すみかもいまは−あれぬへし−はるしくれなは−たれかとひこむ,このもとを−すみかとすれは−おのつから−はなみるひとと−なりぬへきかな
010,00169,くれてゆく−はるのみなとは−しらねとも−かすみにおつる−うちのしはふね,としことに−もみちはなかす−たつたかは−みなとやあきの−とまりなるらむ
010,00169,くれてゆく−はるのみなとは−しらねとも−かすみにおつる−うちのしはふね,はなはねに−とりはふるすに−かへるなり−はるのとまりを−しるひとそなき
010,00171,いそのかみ−ふるのわさたを−うちかへし−うらみかねたる−はるのくれかな,うちかへし−きみそこひしき−やまとなる−ふるのわさたの−おもひいてつつ
010,00177,ちりはてて−はなのかけなき−このもとに−たつことやすき−なつころもかな,けふのみと−はるをおもはぬ−ときたにも−たつことやすき−はなのかけかは
010,00179,をりふしも−うつれはかへつ−よのなかの−ひとのこころの−はなそめのそて,いろみえて−うつろふものは−よのなかの−ひとのこころの−はなにそありける
010,00181,うのはなの−さきぬるときは−しろたへの−なみもてゆへる−かきねとそみる,わたつうみの−かさしにさせる−しろたへの−なみもてゆへる−あはちしまやま
010,00184,のへはいまた−あさかのぬまに−かるくさの−かつみるままに−しけるころかな,みちのくの−あさかのぬまの−はなかつみ−かつみるひとに−こひやわたらむ
010,00185,さくらあさの−をふのしたくさ−しけれたた−あかてわかれし−はなのななれは,おほあらきの−もりのしたくさ−おいぬれは−こまもすさへす−かるひともなし#上の句が異なる
010,00191,ほとときす−こゑまつほとは−かたをかの−もりのしつくに−たちやぬれまし,あしひきの−やまのしつくに−いもまつと−われたちぬれぬ−やまのしつくに
010,00192,ほとときす−みやまいつなる−はつこゑを−いつれのやとの−たれかきくらむ,ほのかにそ−なきわたるなる−ほとときす−みやまをいつる−けさのはつこゑ
010,00200,うのはなの−かきねならねと−ほとときす−つきのかつらの−かけになくなり,うのはなの−にほふさつきの−つききよみ−いねすきけとや−なくほとときす
010,00201,むかしおもふ−くさのいほりの−よるのあめに−なみたなそへそ−やまほとときす,さみたれに−ものおもひをれは−ほとときす−よふかくなきて−いつちゆくらむ
010,00207,ほとときす−なほひとこゑは−おもひいてよ−おいそのもりの−よはのむかしを,あつまちの−おもひいてにせむ−ほとときす−おいそのもりの−よはのひとこゑ
010,00209,ありあけの−つれなくみえし−つきはいてぬ−やまほとときす−まつよなからに,ありあけの−つれなくみえし−わかれより−あかつきはかり−うきものはなし
010,00214,いかにせむ−こぬよあまたの−ほとときす−またしとおもへは−むらさめのそら,たのめつつ−こぬよあまたに−なりぬれは−またしとおもふそ−まつにまされる
010,00215,こゑはして−くもちにむせふ−ほとときす−なみたやそそく−よひのむらさめ,こゑはして−なみたはみえぬ−ほとときす−わかころもての−ひつをからなむ
010,00216,ほとときす−なほうとまれぬ−こころかな−なかなくさとの−よそのゆふくれ,ほとときす−なかなくさとの−あまたあれは−なほうとまれぬ−おもふものから
010,00220,うちしめり−あやめそかをる−ほとときす−なくやさつきの−あめのゆふくれ,ほとときす−なくやさつきの−あやめくさ−あやめもしらぬ−こひもするかな
010,00229,まこもかる−よとのさはみつ−ふかけれと−そこまてつきの−かけはすみけり,まこもかる−よとのさはみつ−あめふれは−つねよりことに−まさるわかこひ
010,00232,たまほこの−みちゆくひとの−ことつても−たえてほとふる−さみたれのそら,こひしなは−こひもしねとか−たまほこの−みちゆきひとに−ことつてもなし
010,00238,たれかまた−はなたちはなに−おもひいてむ−われもむかしの−ひととなりなは,さつきまつ−はなたちはなの−かをかけは−むかしのひとの−そてのかそする
010,00240,かへりこぬ−むかしをいまと−おもひねの−ゆめのまくらに−にほふたちはな,いにしへの−しつのをたまき−くりかへし−むかしをいまに−なすよしもかな
010,00242,さつきやみ−みしかきよはの−うたたねに−はなたちはなの−そてにすすしき,さつきまつ−はなたちはなの−かをかけは−むかしのひとの−そてのかそする
010,00243,たつぬへき−ひとはのきはの−ふるさとに−それかとかをる−にはのたちはな,さつきまつ−はなたちはなの−かをかけは−むかしのひとの−そてのかそする
010,00244,ほとときす−はなたちはなの−かをとめて−なくはむかしの−ひとやこひしき,さつきまつ−はなたちはなの−かをかけは−むかしのひとの−そてのかそする
010,01983,ほとときす−はなたちはなの−かはかりに−なくやむかしの−なこりなるらむ,さつきまつ−はなたちはなの−かをかけは−むかしのひとの−そてのかそする
010,00245,たちはなの−にほふあたりの−うたたねは−ゆめもむかしの−そてのかそする,さつきまつ−はなたちはなの−かをかけは−むかしのひとの−そてのかそする
010,00246,ことしより−はなさきそむる−たちはなの−いかてむかしの−かににほふらむ,ことしより−はるしりそむる−さくらはな−ちるといふことは−ならはさらなむ
010,00247,ゆふくれは−いつれのくもの−なこりとて−はなたちはなに−かせのふくらむ,みしひとの−けふりをくもと−なかむれは−ゆふへのそらも−むつましきかな
010,00247,ゆふくれは−いつれのくもの−なこりとて−はなたちはなに−かせのふくらむ,さみたれの−そらなつかしく−にほふかな−はなたちはなに−かせやふくらむ
010,00254,ひさかたの−なかなるかはの−うかひふね−いかにちきりて−やみをまつらむ,ひさかたの−うちにおひたる−さとなれは−ひかりをのみそ−たのむへらなる
010,00255,いさりひの−むかしのひかり−ほのみえて−あしやのさとに−とふほたるかな,はるるよの−ほしかかはへの−ほたるかも−わかすむかたに−あまのたくひか
010,00257,まとちかき−いささむらたけ−かせふけは−あきにおとろく−なつのよのゆめ,あききぬと−めにはさやかに−みえねとも−かせのおとにそ−おとろかれぬる
010,00258,むすふてに−かけみたれゆく−やまのゐの−あかてもつきの−かたふきにける,むすふての−しつくににこる−やまのゐの−あかてもひとに−わかれぬるかな
010,00258,むすふてに−かけみたれゆく−やまのゐの−あかてもつきの−かたふきにける,古今集仮名序#061,万葉集・武田訓,万葉集・武田訓　巻十六,3807,あさかやま−かけさへみゆる−やまのゐの−あさきこころを−わかおもはなくに
010,00261,すすしさは−あきやかへりて−はつせかは−ふるかはのへの−すきのしたかけ,はつせかは−ふるかはのへに−ふたもとあるすき−としをへて−またもあひみむ−ふたもとあるすき
010,00269,ゆふつくひ−さすやいほりの−しはのとに−さひしくもあるか−ひくらしのこゑ,ひくらしの−こゑはかりする−しはのとは−いりひのさすに−まかせてそみる
010,00275,しらつゆの−たまもてゆへる−ませのうちに−ひかりさへそふ−とこなつのはな,こころあてに−それかとそみる−しらつゆの−ひかりそへたる−ゆふかほのはな
010,00276,しらつゆの−なさけおきける−ことのはや−ほのほのみえし−ゆふかほのはな,よりてこそ−それかともみめ−たそかれに−ほのほのみつる−はなのゆふかほ
010,00281,かたえさす−をふのうらなし−はつあきに−なりもならすも−かせそみにしむ,をふのうらに−かたえさしおほひ−なるなしの−なりもならすも−ねてかたらはむ
010,00282,なつころも−かたへすすしく−なりぬなり−よやふけぬらむ−ゆきあひのそら,なつとあきと−ゆきかふそらの−かよひちは−かたへすすしき−かせやふくらむ
010,00284,みそきする−かはのせみれは−からころも−ひもゆふくれに−なみそたちける,からころも−ひもゆふくれに−なるときは−かへすかへすそ−ひとはこひしき
010,00287,このねぬる−よのまにあきは−きにけらし−あさけのかせの−きのふにもにぬ,あきたちて−いくかもあらねと−このねぬる−あさけのかせは−たもとさむしも
010,00289,きのふたに−とはむとおもひし−つのくにの−いくたのもりに−あきはきにけり,きみすまは−とはましものを−つのくにの−いくたのもりの−あきのはつかせ
010,00295,しきたへの−まくらのうへに−すきぬなり−つゆをたつぬる−あきのはつかせ,しきたへの−まくらのしたに−うみはあれと−ひとをみるめは−おひすそありける
010,00296,みつくきの−をかのくすはも−いろつきて−けさうらかなし−あきのはつかせ,かりかねの−さむくなきしゆ−みつくきの−をかのくすはは−いろつきにけり
010,00297,あきはたた−こころよりおく−ゆふつゆを−そてのほかとも−おもひけるかな,われならぬ−くさはもものは−おもひけり−そてよりほかに−おけるしらつゆ
010,00301,みしふつき−うゑしやまたに−ひたはへて−またそてぬらす−あきはきにけり,ころもてに−みつふつくまて−うゑしたを−ひきたわかはへ−まもれるくるし
010,00307,ひをへつつ−おとこそまされ−いつみなる−しのたのもりの−ちえのあきかせ,いつみなる−しのたのもりの−くすのはの−ちえにわかれて−ものをこそおもへ
010,00316,そてひちて−わかてにむすふ−みつのおもに−あまつほしあひの−そらをみるかな,そてひちて−むすひしみつの−こほれるを−はるたつけふの−かせやとくらむ
010,00319,たなはたの−ころものつまは−こころして−ふきなかへしそ−あきのはつかせ,わかせこか−ころものすそを−ふきかへし−うらめつらしき−あきのはつかせ
010,00320,たなはたの−とわたるふねの−かちのはに−いくあきかきつ−つゆのたまつさ,あまのかは−とわたるふねの−かちのはに−おもふことをも−かきつくるかな
010,00323,ほしあひの−ゆふへすすしき−あまのかは−もみちのはしを−わたるあきかせ,あまのかは−もみちをはしに−わたせはや−たなはたつめの−あきをしもまつ
010,00329,かりころも−われとはすらし−つゆしけき−のはらのはきの−はなにまかせて,わかころも−すれるにはあらす−たかまつの−のをゆくしかは−はきのすれるそ
010,00330,あきはきを−をらてはすきし−つきくさの−はなすりころも−つゆにぬるとも,つきくさに−ころもはすらむ−あさつゆに−ぬれてののちは−うつろひぬとも
010,00331,はきかはな−まそてにかけて−たかまとの−をのへのみやに−ひれふるやたれ,みやひとの−そてつけころも−あきはきに−にほこよろしき−たかまとのみや
010,00335,あきののを−わけゆくつゆに−うつりつつ−わかころもては−はなのかそする,あきののの−はなのいろいろ−とりすゑて−わかころもてに−うつしてしかな
010,00338,ゆふされは−たまちるのへの−をみなへし−まくらさためぬ−あきかせそふく,ゆふされは−わかみのみこそ−かなしけれ−いつれのかたに−まくらさためむ
010,00339,ふちはかま−ぬしはたれとも−しらつゆの−こほれてにほふ−のへのあきかせ,ぬししらぬ−かこそにほへれ−あきののに−たかぬきかけし−ふちはかまそも
010,00349,はなすすき−またつゆふかし−ほにいてては−なかめしとおもふ−あきのさかりを,いまよりは−うゑてたにみし−はなすすき−ほにいつるあきは−わひしかりけり
010,00349,はなすすき−またつゆふかし−ほにいてては−なかめしとおもふ−あきのさかりを,しのふれは−くるしかりけり−しのすすき−あきのさかりに−なりやしなまし
010,00364,たへてやは−おもひありとも−いかかせむ−むくらのやとの−あきのゆふくれ,おもひあらは−むくらのやとに−ねもしなむ−ひしきものには−そてをしつつも
010,00366,あきかせの−いたりいたらぬ−そてはあらし−たたわれからの−つゆのゆふくれ,はるのいろの−いたりいたらぬ−さとはあらし−さけるさかさる−はなのみゆらむ
010,00368,それなから−むかしにもあらぬ−あきかせに−いととなかめを−しつのをたまき,いにしへの−しつのをたまき−くりかへし−むかしをいまに−なすよしもかな
010,00369,ひくらしの−なくゆふくれそ−うかりける−いつもつきせぬ−おもひなれとも,こめやとは−おもふものから−ひくらしの−なくゆふくれは−たちまたれつつ
010,00371,あきかせの−よもにふきくる−おとはやま−なにのくさきか−のとけかるへき,あきかせの−ふきにしひより−おとはやま−みねのこすゑも−いろつきにけり
010,00374,ふかくさの−さとのつきかけ−さひしさも−すみこしままの−のへのあきかせ,としをへて−すみこしさとを−いてていなは−いととふかくさ−のとやなりなむ
010,00375,おほあらきの−もりのこのまを−もりかねて−ひとたのめなる−あきのよのつき,ことならは−やみにそあらまし−あきのよの−なそつきかけの−ひとたのめなる
010,00380,なかめわひぬ−あきよりほかの−やともかな−のにもやまにも−つきやすむらむ,いつこにか−よをはいとはむ−こころこそ−のにもやまにも−まとふへらなれ
010,00381,つきかけの−はつあきかせと−ふけゆけは−こころつくしに−ものをこそおもへ,このまより−もりくるつきの−かけみれは−こころつくしの−あきはきにけり
010,00389,にほのうみや−つきのひかりの−うつろへは−なみのはなにも−あきはみえけり,くさもきも−いろかはれとも−わたつうみの−なみのはなにそ−あきなかりける
010,00391,ことわりの−あきにはあへぬ−なみたかな−つきのかつらも−かはるひかりに,ひさかたの−つきのかつらも−あきはなほ−もみちすれはや−てりまさるらむ
010,00393,ふるさとの−もとあらのこはき−さきしより−よなよなにはの−つきそうつろふ,みやきのの−もとあらのこはき−つゆをおもみ−かせをまつこと−きみをこそまて
010,00396,つきはなほ−もらぬこのまも−すみよしの−まつをつくして−あきかせそふく,このまより−もりくるつきの−かけみれは−こころつくしの−あきはきにけり
010,00397,なかむれは−ちちにものおもふ−つきにまた−わかみひとつの−みねのまつかせ,つきみれは−ちちにものこそ−かなしけれ−わかみひとつの−あきにはあらねと
010,00399,こころある−をしまのあまの−たもとかな−つきやとれとは−ぬれぬものから,まつしまの−をしまのいそに−あさりせし−あまのそてこそ−かくはぬれしか
010,00412,たつたやま−よはにあらしの−まつふけは−くもにはうとき−みねのつきかけ,かせふけは−おきつしらなみ−たつたやま−よはにやきみか−ひとりこゆらむ
010,00419,つきたにも−なくさめかたき−あきのよの−こころもしらぬ−まつのかせかな,わかこころ−なくさめかねつ−さらしなや−をはすてやまに−てるつきをみて
010,00420,さむしろや−まつよのあきの−かせふけて−つきをかたしく−うちのはしひめ,さむしろに−ころもかたしき−こよひもや−われをまつらむ−うちのはしひめ
010,00429,あくかれて−ねぬよのちりの−つもるまて−つきにはらはぬ−とこのさむしろ,しきたへの−まくらのちりや−つもるらむ−つきのさかりは−いこそねられね
010,00431,あきのたに−いほさすしつの−とまをあらみ−つきとともにや−もりあかすらむ,あきのたの−かりほのいほの−とまをあらみ−わかころもては−つゆにぬれつつ
010,00433,あきのつゆや−たもとにいたく−むすふらむ−なかきよあかす−やとるつきかな,すすむしの−こゑのかきりを−つくしても−なかきよあかす−ふるなみたかな
010,00434,さらにまた−くれをたのめと−あけにけり−つきはつれなき−あきのよのそら,ありあけの−つれなくみえし−わかれより−あかつきはかり−うきものはなし
010,00437,したもみち−かつちるやまの−ゆふしくれ−ぬれてやひとり−しかのなくらむ,しくれつつ−かつちるやまの−もみちはは−いかにふくよの−あらしなるらむ
010,00445,なくしかの−こゑにめさめて−しのふかな−みはてぬゆめの−あきのおもひを,やまさとは−あきこそことに−かなしけれ−しかのなくねに−めをさましつつ
010,00473,むしのねも−なかきよあかぬ−ふるさとに−なほおもひそふ−まつかせそふく,すすむしの−こゑのかきりを−つくしても−なかきよあかす−ふるなみたかな
010,00478,さとはあれて−つきやあらぬと−うらみても−たれあさちふに−ころもうつらむ,つきやあらぬ−はるやむかしの−はるならぬ−わかみひとつは−もとのみにして
010,00483,みよしのの−やまのあきかせ−さよふけて−ふるさとさむく−ころもうつなり,みよしのの−やまのしらゆき−つもるらし−ふるさとさむく−なりまさるなり
010,00487,ひとりぬる−やまとりのをの−したりをに−しもおきまよふ−とこのつきかけ,あしひきの−やまとりのをの−したりをの−なかなかしよを−ひとりかもねむ
010,00493,あけほのや−かはせのなみの−たかせふね−くたすかひとの−そてのあききり,あけぬるか−かはせのきりの−たえまより−をちかたひとの−そてのみゆるは
010,00494,ふもとをは−うちのかはきり−たちこめて−くもゐにみゆる−あさひやまかな,かはきりの−ふもとをこめて−たちぬれは−そらにそあきの−やまはみえける
010,00495,やまさとに−きりのまかきの−へたてすは−をちかたひとの−そてもみてまし,あけぬるか−かはせのきりの−たえまより−をちかたひとの−そてのみゆるは
010,00495,やまさとに−きりのまかきの−へたてすは−をちかたひとの−そてもみてまし,やまかつの−まかきをこめて−たつきりも−こころそらなる−ひとはととめす
010,00508,ここのへに−うつろひぬとも−きくのはな−もとのまかきを−おもひわするな,あさまたき−やへさくきくの−ここのへに−みゆるはしもの−おけはなりけり
010,00512,あきをへて−あはれもつゆも−ふかくさの−さととふものは−うつらなりけり,としをへて−すみこしさとを−いてていなは−いととふかくさ−のとやなりなむ
010,00512,あきをへて−あはれもつゆも−ふかくさの−さととふものは−うつらなりけり,のとならは−うつらとなりて−なきをらむ−かりにたにやは−きみかこさらむ
010,00513,いりひさす−ふもとのをはな−うちなひき−たかあきかせに−うつらなくらむ,としをへて−すみこしさとを−いてていなは−いととふかくさ−のとやなりなむ
010,00513,いりひさす−ふもとのをはな−うちなひき−たかあきかせに−うつらなくらむ,のとならは−うつらとなりて−なきをらむ−かりにたにやは−きみかこさらむ
010,00515,とふひとも−あらしふきそふ−あきはきて−このはにうつむ−やとのみちしは,うちはらふ−そてもつゆけき−とこなつに−あらしふきそふ−あきもきにけり
010,00517,あきふけぬ−なけやしもよの−きりきりす−ややかけさむし−よもきふのつき,なけやなけ−よもきかそまの−きりきりす−すきゆくあきは−けにそかなしき
010,00518,きりきりす−なくやしもよの−さむしろに−ころもかたしき−ひとりかもねむ,さむしろに−ころもかたしき−こよひもや−こひしきひとに−あはてのみねむ
010,00522,かささきの−くものかけはし−あきくれて−よはにはしもや−さえわたるらむ,かささきの−わたせるはしに−おくしもの−しろきをみれは−よそふけにけり
010,00525,かみなひの−みむろのこすゑ−いかならむ−なへてのやまも−しくれするころ,かみなつき−しくれもいまた−ふらなくに−かねてうつろふ−かみなひのもり
010,00526,すすかかは−ふかきこのはに−ひかすへて−やまたのはらの−しくれをそきく,いまよりは−もみちのもとに−やとりせし−をしむにたひの−ひかすへぬへし
010,00530,たつたやま−あらしやみねに−よわるらむ−わたらぬみつも−にしきたえけり,たつたかは−もみちみたれて−なかるめり−わたらはにしき−なかやたえなむ
010,00530,たつたやま−あらしやみねに−よわるらむ−わたらぬみつも−にしきたえけり,あらしふく−みむろのやまの−もみちはは−たつたのかはの−にしきなりけり
010,00531,ははそはら−しつくもいろや−かはるらむ−もりのしたくさ−あきふけにけり,おはらきの−もりのしたくさ−しけりあひて−ふかくもなつの−なりにけるかな
010,00532,ときわかぬ−なみさへいろに−いつみかは−ははそのもりに−あらしふくらし,くさもきも−いろかはれとも−わたつうみの−なみのはなにそ−あきなかりける
010,00534,きりのはも−ふみわけかたく−なりにけり−かならすひとを−まつとなけれと,わかやとは−みちみえぬまて−あれにけり−つれなきひとを−まつとせしまに
010,00536,もみちはの−いろにまかせて−ときはきも−かせにうつろふ−あきのやまかな,あきくれと−いろもかはらぬ−ときはやま−よそのもみちを−かせそかしける
010,00537,つゆしくれ−もるやまかけの−したもみち−ぬるともをらむ−あきのかたみに,しらつゆも−しくれもいたく−もるやまは−したはのこらす−いろつきにけり
010,00537,つゆしくれ−もるやまかけの−したもみち−ぬるともをらむ−あきのかたみに,ぬれつつそ−しひてをりつる−としのうちに−はるはいくかも−あらしとおもへは
010,00538,まつにはふ−まさきのかつら−ちりにけり−とやまのあきは−かせすさふらむ,みやまには−あられふるらし−とやまなる−まさきのかつら−いろつきにけり
010,00545,ゆくあきの−かたみなるへき−もみちはも−あすはしくれと−ふりやまかはむ,からにしき−えたにひとむら−のこれるは−あきのかたみに−たたぬなりけり
010,00555,ちりかかる−もみちなかれぬ−おほゐかは−いつれゐせきの−みつのしからみ,やまかはに−かせのかけたる−しからみは−なかれもあへぬ−もみちなりけり
010,00557,ひくるれは−あふひともなし−まさきちる−みねのあらしの−おとはかりして,ひもくれぬ−ひともかへりぬ−やまさとは−みねのあらしの−おとはかりして
010,00557,ひくるれは−あふひともなし−まさきちる−みねのあらしの−おとはかりして,みやまには−あられふるらし−とやまなる−まさきのかつら−いろつきにけり
010,00561,うつりゆく−くもにあらしの−こゑすなり−ちるかまさきの−かつらきのやま,もみちはの−ちりゆくかたを−たつぬれは−あきもあらしの−こゑのみそする
010,00561,うつりゆく−くもにあらしの−こゑすなり−ちるかまさきの−かつらきのやま,ひくるれは−あふひともなし−まさきちる−みねのあらしの−おとはかりして
010,00566,からにしき−あきのかたみや−たつたやま−ちりあへぬえたに−あらしふくなり,からにしき−えたにひとむら−のこれるは−あきのかたみに−たたぬなりけり
010,00571,かみなつき−ききのこのはは−ちりはてて−にはにそかせの−おとはきこゆる,かみなつき−ねさめにきけは−やまさとの−あらしのこゑは−このはなりけり
010,00574,かみなつき−しくれふるらし−さほやまの−まさきのかつら−いろまさりゆく,みやまには−あられふるらし−とやまなる−まさきのかつら−いろつきにけり
010,00577,しくれのあめ−そめかねてけり−やましろの−ときはのもりの−まきのしたはは,しくれのあめ−まなくしふれは−まきのはも−あらそひかねて−いろつきにけり
010,00581,ふかみとり−あらそひかねて−いかならむ−まなくしくれの−ふるのかみすき,しくれのあめ−まなくしふれは−まきのはも−あらそひかねて−いろつきにけり
010,00586,はれくもり−しくれはさため−なきものを−ふりはてぬるは−わかみなりけり,かみなつき−ふりみふらすみ−さためなき−しくれそふゆの−はしめなりける
010,00592,もみちはを−なにをしみけむ−このまより−もりくるつきは−こよひこそみれ,このまより−もりくるつきの−かけみれは−こころつくしの−あきはきにけり
010,00604,あきのいろを−はらひはててや−ひさかたの−つきのかつらに−こからしのかせ,ひさかたの−つきのかつらも−あきはなほ−もみちすれはや−てりまさるらむ
010,00607,ふゆかれの−もりのくちはの−しものうへに−おちたるつきの−かけのさむけさ,このまより−もりくるつきの−かけみれは−こころつくしの−あきはきにけり
010,00610,かけとめし−つゆのやとりを−おもひいてて−しもにあととふ−あさちふのつき,あさちふの−つゆのやとりに−きみをおきて−よものあらしそ−しつこころなき
010,00611,かたしきの−そてをやしもに−かさぬらむ−つきによかるる−うちのはしひめ,さむしろに−ころもかたしき−こよひもや−われをまつらむ−うちのはしひめ
010,00614,ふゆのよの−なかきをおくる−そてぬれぬ−あかつきかたの−よものあらしに,ふゆのよの−なかきをおくる−ほとにしも−あかつきかたの−つるのひとこゑ
010,00615,ささのはは−みやまもさやに−うちそよき−こほれるしもを−ふくあらしかな,ささのはは−みやまもさやに−さやけとも−われはいもおもふ−わかれきぬれは
010,00616,きみこすは−ひとりやねなむ−ささのはの−みやまもそよに−さやくしもよを,ささのはは−みやまもさやに−さやけとも−われはいもおもふ−わかれきぬれは
010,00616,きみこすは−ひとりやねなむ−ささのはの−みやまもそよに−さやくしもよを,さかしらに−なつはひとまね−ささのはの−さやくしもよを−わかひとりぬる
010,00617,しもかれは−そこともみえぬ−くさのはら−たれにとはまし−あきのなこりを,狭衣物語
010,00625,つのくにの−なにはのはるは−ゆめなれや−あしのかれはに−かせわたるなり,こころあらむ−ひとにみせはや−つのくにの−なにはわたりの−はるのけしきを
010,00627,さひしさに−たへたるひとの−またもあれな−いほりならへむ−ふゆのやまさと,やまさとは−ふゆそさひしさ−まさりける−ひとめもくさも−かれぬとおもへは
010,00630,たちぬるる−やまのしつくも−おとたえて−まきのしたはに−たるひしにけり,あしひきの−やまのしつくに−いもまつと−われたちぬれぬ−やまのしつくに
010,00635,かたしきの−そてのこほりも−むすほほれ−とけてねぬよの−ゆめそみしかき,とけてねぬ−ねさめさひしき−ふゆのよに−むすほほれつる−ゆめのみしかさ
010,00636,はしひめの−かたしきころも−さむしろに−まつよむなしき−うちのあけほの,さむしろに−ころもかたしき−こよひもや−われをまつらむ−うちのはしひめ
010,00637,あしろきに−いさよふなみの−おとふけて−ひとりやねぬる−うちのはしひめ,もののふの−やそうちかはの−あしろきに−いさよふなみの−ゆくへしらすも
010,00639,しかのうらや−とほさかりゆく−なみまより−こほりていつる−ありあけのつき,さよふくる−ままにみきはや−こほるらむ−とほさかりゆく−しかのうらなみ
010,00640,ひとりみる−いけのこほりに−すむつきの−やかてそてにも−うつりぬるかな,みつのうへに−おもひしものを−ふゆのよの−こほりはそての−ものにそありける
010,00644,しらなみに−はねうちかはし−はまちとり−かなしきものは−よはのひとこゑ,しらくもに−はねうちかはし−とふかりの−かすさへみゆる−あきのよのつき
010,00645,ゆふなきに−とわたるちとり−なみまより−みゆるこしまの−くもにきえぬる,なみまより−みゆるこしまの−はまひさき−ひさしくなりぬ−きみにあはすて
010,00651,かせさゆる−をしまかいその−むらちとり−たちゐはなみの−こころなりけり,かせはやみ−としまかさきを−こきゆけは−ゆふなみちとり−たちゐなくなり
010,00652,はかなしや−さてもいくよか−ゆくみつに−かすかきわふる−をしのひとりね,ゆくみつに−かすかくよりも−はかなきは−おもはぬひとを−おもふなりけり
010,00655,ねやのうへに−かたえさしおほひ−そともなる−はひろかしはに−あられふるなり,をふのうらに−かたえさしおほひ−なるなしの−なりもならすも−ねてかたらはむ
010,00661,ふれはかく−うさのみまさる−よをしらて−あれたるにはに−つもるはつゆき,よにふれは−うさこそまされ−みよしのの−いはのかけみち−ふみならしてむ
010,00666,しらやまも−としふるゆきや−つもるらむ−よはにかたしく−たもとさゆなり,としふれは−こしのしらやま−おいにけり−おほくのふゆの−ゆきつもりつつ
010,00671,こまとめて−そてうちはらふ−かけもなし−さののわたりの−ゆきのゆふくれ,くるしくも−ふりくるあめか−みわかさき−さののわたりに−いへもあらなくに
010,00674,ふるゆきに−たくものけむり−かききえて−さひしくもあるか−しほかまのうら,きみまさて−けふりたえにし−しほかまの−うらさひしくも−みえわたるかな
010,00681,ふゆくさの−かれにしひとの−いまさらに−ゆきふみわけて−みえむものかは,わかまたぬ−としはきぬれと−ふゆくさの−かれにしひとは−おとつれもせす
010,00683,このころは−はなももみちも−えたになし−しはしなきえそ−まつのしらゆき,ふるゆきは−きえてもしはし−とまらなむ−はなももみちも−えたになきころ
010,00699,としのあけて−うきよのゆめの−さむへくは−くるともけふは−いとはさらまし,はなしあらは−なにかははるの−をしからむ−くるともけふは−なけかさらまし
010,00705,おいのなみ−こえけるみこそ−あはれなれ−ことしもいまは−すゑのまつやま,きみをおきて−あたしこころを−わかもたは−すゑのまつやま−なみもこえなむ
010,00719,やまひとの−をるそてにほふ−きくのつゆ−うちはらふにも−ちよはへぬへし,ぬれてほす−やまちのきくの−つゆのまに−いつかちとせを−われはへにけむ
010,00734,あめのした−めくむくさきの−めもはるに−かきりもしらぬ−みよのすゑすゑ,むらさきの−いろこきときは−めもはるに−のなるくさきそ−わかれさりける
010,00734,あめのした−めくむくさきの−めもはるに−かきりもしらぬ−みよのすゑすゑ,なにはえに−しけれるあしの−めもはるに−おほくのよをは−きみにとそおもふ
010,00740,たかさこの−まつもむかしに−なりぬへし−なほゆくすゑは−あきのよのつき,たれをかも−しるひとにせむ−たかさこの−まつもむかしの−ともならなくに
010,00742,うれしさや−かたしくそてに−つつむらむ−けふまちえたる−うちのはしひめ,さむしろに−ころもかたしき−こよひもや−われをまつらむ−うちのはしひめ
010,00743,としへたる−うちのはしもり−こととはむ−いくよになりぬ−みつのみなかみ,ちはやふる−うちのはしもり−なれをしそ−あはれとはおもふ−としのへぬれは
010,00745,やほかゆく−はまのまさこを−きみかよの−かすにとらなむ−おきつしまもり,やほかゆく−はまのまさこと−わかこひと−いつれまされり−おきつしまもり
010,00746,かすかやま−みやこのみなみ−しかそおもふ−きたのふちなみ−はるにあへとは,わかいほは−みやこのたつみ−しかそすむ−よをうちやまと−ひとはいふなり
010,00829,みしゆめに−やかてまきれぬ−わかみこそ−とはるるけふも−まつかなしけれ,みてもまた−あふよまれなる−ゆめのうちに−やかてまきるる−わかみともかな
010,00835,われもいつそ−あらましかはと−みしひとを−しのふとすれと−いととそひゆく,よのなかに−あらましかはと−おもふひと−なきかおほくも−なりにけるかな
010,00877,おもひいてて−おなしそらとは−つきをみよ−ほとはくもゐに−めくりあふまて,わするなよ−ほとはくもゐに−なりぬとも−そらゆくつきの−めくりあふまて
010,00891,わするなよ−やとるたもとは−かはるとも−かたみにしほる−よはのつきかけ,わするなよ−ほとはくもゐに−なりぬとも−そらゆくつきの−めくりあふまて
010,00932,なつかりの−あしのかりねも−あはれなり−たまえのつきの−あけかたのそら,なつかりの−たまえのあしを−ふみしたき−むれゐるとりの−たつそらそなき
010,00933,たちかへり−またもきてみむ−まつしまや−をしまのとまや−なみにあらすな,まつしまの−をしまのいそに−あさりせし−あまのそてこそ−かくはぬれしか
010,00934,こととへよ−おもひおきつの−はまちとり−なくなくいてし−あとのつきかけ,きみをおもひ−おきつのはまに−なくたつの−たつねくれはそ−ありとたにきく
010,00943,いくよかは−つきをあはれと−なかめきて−なみにをりしく−いせのはまをき,かみかせや−いせのはまをき−をりしきて−たひねやすらむ−あらきはまへに
010,00945,かせさむみ−いせのはまをき−わけゆけは−ころもかりかね−なみになくなり,よをさむみ−ころもかりかね−なくなへに−はきのしたはも−うつろひにけり
010,00947,ゆくすゑは−いまいくよとか−いはしろの−をかのかやねに−まくらむすはむ,きみかよも−わかよもしるや−いはしろの−をかのくさねを−いさむすひてな
010,00948,まつかねの−をしまかいその−さよまくら−いたくなぬれそ−あまのそてかは,まつしまの−をしまのいそに−あさりせし−あまのそてこそ−かくはぬれしか
010,00958,いたつらに−たつやあさまの−ゆふけふり−さととひかぬる−をちこちのやま,しなのなる−あさまのたけに−たつけふり−をちこちひとの−みやはとかめぬ
010,00959,みやこをは−あまつそらとも−きかさりき−なになかむらむ−くものはたてを,ゆふくれは−くものはたてに−ものそおもふ−あまつそらなる−ひとをこふとて
010,00964,まくらとて−いつれのくさに−ちきるらむ−ゆくをかきりの−のへのゆふくれ,まくらとて−くさひきむすふ−こともせし−あきのよとたに−たのまれなくに
010,00968,わすれなむ−まつとなつけそ−なかなかに−いなはのやまの−みねのあきかせ,たちわかれ−いなはのやまの−みねにおふる−まつとしきかは−いまかへりこむ
010,00970,ふるさとに−たのめしひとも−すゑのまつ−まつらむそてに−なみやこすらむ,きみをおきて−あたしこころを−わかもたは−すゑのまつやま−なみもこえなむ
010,00970,ふるさとに−たのめしひとも−すゑのまつ−まつらむそてに−なみやこすらむ,なみこゆる−ころともしらす−すゑのまつ−まつらむものと−おもひけるかな#「まつらむとのみ」になっている
010,00973,なにはひと−あしひたくやに−やとかりて−すすろにそての−しほたるるかな,なにはひと−あしひたくやは−すすたれと−おのかつまこそ−とこめつらなれ
010,00977,おほつかな−みやこにすまぬ−みやことり−こととふひとに−いかかこたへし,なにしおはは−いさこととはむ−みやことり−わかおもふひとは−ありやなしやと
010,00980,そてにふけ−さそなたひねの−ゆめはみし−おもふかたより−かよふうらかせ,こひわひて−なくねにまかふ−うらなみは−おもふかたより−かせやふくらむ
010,00981,たひねする−ゆめちはゆるせ−うつのやま−せきとはきかす−もるひともなし,するかなる−うつのやまへの−うつつにも−ゆめにもひとに−あはぬなりけり
010,00991,おとにのみ−ありとききこし−みよしのの−たきはけふこそ−そてにおちけれ,みよしのの−たきのしらなみ−しらねとも−かたりしつけは−いにしへおもほゆ
010,00994,かすかのの−わかむらさきの−すりころも−しのふのみたれ−かきりしられす,みちのくの−しのふもちすり−たれゆゑに−みたれそめにし−われならなくに
010,01012,けふもまた−かくやいふきの−さしもくさ−さらはわれのみ−もえやわたらむ,かくとたに−えやはいふきの−さしもくさ−さしもしらしな−もゆるおもひを
010,01013,つくはやま−はやましけやま−しけけれと−おもひいるには−さはらさりけり,風俗歌「筑波山」
010,01014,われならぬ−ひとにこころを−つくはやま−したにかよはむ−みちたにやなき,風俗歌「筑波山」
010,01015,ひとしれす−おもふこころは−あしひきの−やましたみつの−わきやかへらむ,あしひきの−やましたみつの−こかくれて−たきつこころを−せきそかねつる
010,01022,かたをかの−ゆきまにねさす−わかくさの−ほのかにみてし−ひとそこひしき,かすかのの−ゆきまをわけて−おひいてくる−くさのはつかに−みえしきみはも
010,01028,いそのかみ−ふるのかみすき−ふりぬれと−いろにはいてす−つゆもしくれも,いそのかみ−ふるのかむすき−かむさひし−こひをもわれは−さらにするかも
010,01029,わかこひは−まきのしたはに−もるしくれ−ぬるともそての−いろにいてめや,しくれのあめ−そめかねてけり−やましろの−ときはのもりの−まきのしたはは
010,01031,うつせみの−なくねやよそに−もりのつゆ−ほしあへぬそてを−ひとのとふまて,うつせみの−はにおくつゆの−こかくれて−しのひしのひに−ぬるるそてかな
010,01032,おもひあれは−そてにほたるを−つつみても−いははやものを−とふひとはなし,つつめとも−かくれぬものは−なつむしの−みよりあまれる−おもひなりけり
010,01032,おもひあれは−そてにほたるを−つつみても−いははやものを−とふひとはなし,郢曲#112実方集（実方朝臣集）実方集　全00100に類似
010,01033,おもひつつ−へにけるとしの−かひやなき−たたあらましの−ゆふくれのそら,おもひつつ−へにけるとしを−しるへにて−なれぬるものは−こころなりけり
010,01035,わすれては−うちなけかるる−ゆふへかな−われのみしりて−すくるつきひを,ひとしれぬ−おもひのみこそ−わひしけれ−わかなけきをは−われのみそしる
010,01036,わかこひは−しるひともなし−せくとこの−なみたもらすな−つけのをまくら,まくらより−またしるひとも−なきこひを−なみたせきあへす−もらしつるかな
010,01043,ほとときす−いつかとまちし−あやめくさ−けふはいかなる−ねにかなくへき,ほとときす−なくやさつきの−あやめくさ−あやめもしらぬ−こひもするかな
010,01061,いかにせむ−くめちのはしの−なかそらに−わたしもはてぬ−みとやなりなむ,かつらきや−くめちのはしに−あらはこそ−おもふこころを−なかそらにせめ
010,01062,たれそこの−みわのひはらも−しらなくに−こころのすきの−われをたつぬる,わかいほは−みわのやまもと−こひしくは−とふらひきませ−すきたてるかと
010,01070,かやりひの−さよふけかたの−したこかれ−くるしやわかみ−ひとしれすのみ,元永本古今#001古今集古今集　巻十一：恋一00500に類似
010,01073,かちをたえ−ゆらのみなとに−よるふねの−たよりもしらぬ−おきつしほかせ,ゆらのとを−わたるふなひと−かちをたえ−ゆくへもしらぬ−こひのみちかも
010,01074,しるへせよ−あとなきなみに−こくふねの−ゆくへもしらぬ−やへのしほかせ,しらなみの−あとなきかたに−ゆくふねも−かせそたよりの−しるへなりける
010,01075,きのくにや−ゆらのみなとに−ひろふてふ−たまさかにたに−あひみてしかな,いもかため−たまをひろふと−きのくにの−ゆらのみさきに−このひくらしつ
010,01076,つれもなき−ひとのこころの−うきにはふ−あしのしたねの−ねをこそはなけ,あしねはふ−うきはうへこそ−つれなけれ−したはえならす−おもふこころを
010,01077,なにはひと−いかなるえにか−くちはてむ−あふことなみに−みをつくしつつ,わひぬれは−いまはたおなし−なにはなる−みをつくしても−あはむとそおもふ
010,01079,あふまての−みるめかるへき−かたそなき−またなみなれぬ−いそのあまひと,みるめかる−かたやいつくそ−さをさして−われにをしへよ−あまのつりふね
010,01081,したもえに−おもひきえなむ−けふりたに−あとなきくもの−はてそかなしき,狭衣物語
010,01081,したもえに−おもひきえなむ−けふりたに−あとなきくもの−はてそかなしき,狭衣物語
010,01083,こひをのみ−すまのうらひと−もしほたれ−ほしあへぬそての−はてをしらはや,わくらはに−とふひとあらは−すまのうらに−もしほたれつつ−わふとこたへよ
010,01084,みるめこそ−いりぬるいその−くさならめ−そてさへなみの−したにくちぬる,しほみては−いりぬるいその−くさなれや−みらくすくなく−こふらくのおほき
010,01086,しるらめや−このはふりしく−たにみつの−いはまにもらす−したのこころを,いしまゆく−したにはかよふ−たにみつも−このはをしけみ−うへそつれなき
010,01087,もらすなよ−くもゐるみねの−はつしくれ−このははしたに−いろかはるとも,しらつゆも−しくれもいたく−もるやまは−したはのこらす−いろつきにけり
010,01088,かくとたに−おもふこころを−いはせやま−したゆくみつの−くさかくれつつ,いはせやま−たにのしたみつ−うちしのひ−ひとのみぬまは−なかれてそふる
010,01089,もらさはや−おもふこころを−さてのみは−えそやましろの−ゐてのしからみ,たまもかる−ゐてのしからみ−うすみかも−こひのよとめる−わかこころかも
010,01093,ひとしれす−くるしきものは−しのふやま−したはふくすの−うらみなりけり,しのふれは−くるしきものを−ひとしれす−おもふてふこと−たれにかたらむ
010,01096,うちはへて−くるしきものは−ひとめのみ−しのふのうらの−あまのたくなは,いせのうみの−あまのつりなは−うちはへて−くるしとのみや−おもひわたらむ
010,01101,くさふかき−なつのわけゆく−さをしかの−ねをこそたてね−つゆそこほるる,なつのゆく−をしかのつのの−つかのまも−いもかこころを−わすれておもへや
010,01106,なかめわひ−それとはなしに−ものそおもふ−くものはたての−ゆふくれのそら,ゆふくれは−くものはたてに−ものそおもふ−あまつそらなる−ひとをこふとて
010,01108,やまかつの−あさのさころも−をさをあらみ−あはてつきひや−すきふけるいほ,すまのあまの−しほやきころも−をさをあらみ−まとほにあれや−きみかきまさぬ
010,01112,しらたまか−つゆかととはむ−ひともかな−ものおもふそてを−さしてこたへむ,しらたまか−なにそとひとの−とひしとき−つゆとこたへて−きえなましものを
010,01114,わかこひは−ちきのかたそき−かたくのみ−ゆきあはてとしの−つもりぬるかな,よやさむき−ころもやうすき−かたそきの−ゆきあひのまより−しもやおくらむ
010,01115,いつとなく−しほやくあまの−とまひさし−ひさしくなりぬ−あはぬおもひは,なみまより−みゆるこしまの−はまひさき−ひさしくなりぬ−きみにあはすて
010,01117,すまのあまの−そてにふきこす−しほかせの−なるとはすれと−てにもたまらす,いせのうみに−しほやくあまの−ふちころも−なるとはすれと−あはぬきみかな
010,01118,ありとても−あはぬためしの−なとりかは−くちたにはてね−せせのうもれき,なとりかは−せせのうもれき−あらはれは−いかにせむとか−あひみそめけむ
010,01119,なけかすよ−いまはたおなし−なとりかは−せせのうもれき−くちはてぬとも,わひぬれは−いまはたおなし−なにはなる−みをつくしても−あはむとそおもふ
010,01119,なけかすよ−いまはたおなし−なとりかは−せせのうもれき−くちはてぬとも,なとりかは−せせのうもれき−あらはれは−いかにせむとか−あひみそめけむ
010,01120,なみたかは−たきつこころの−はやきせを−しからみかけて−せくそてそなき,みをなけし−なみたのかはの−はやきせを−しからみかけて−たれかととめし
010,01126,みにそへる−そのおもかけも−きえななむ−ゆめなりけりと−わするはかりに,あけくれの−そらにうきみは−きえななむ−ゆめなりけりと−みてもやむへく
010,01128,たのめおきし−あさちかつゆに−あきかけて−このはふりしく−やとのかよひち,あきかけて−いひしなからも−あらなくに−このはふりしく−えにこそありけれ
010,01131,あふことは−いつといふきの−みねにおふる−さしもたえせぬ−おもひなりけり,かくとたに−えやはいふきの−さしもくさ−さしもしらしな−もゆるおもひを
010,01132,ふしのねの−けふりもなほそ−たちのほる−うへなきものは−おもひなりけり,よのひとの−およはぬものは−ふしのねの−くもゐにたかき−おもひなりけり
010,01133,なきなのみ−たつたのやまに−たつくもの−ゆくへもしらぬ−なかめをそする,なきなのみ−たつたのやまの−ふもとには−よにもあらしの−かせもふかなむ
010,01134,あふことの−むなしきそらの−うきくもは−みをしるあめの−たよりなりけり,かすかすに−おもひおもはす−とひかたみ−みをしるあめは−ふりそまされる
010,01135,わかこひは−あふをかきりの−たのみたに−ゆくへもしらぬ−そらのうきくも,わかこひは−ゆくへもしらす−はてもなし−あふをかきりと−おもふはかりそ
010,01136,おもかけの−かすめるつきそ−やとりける−はるやむかしの−そてのなみたに,つきやあらぬ−はるやむかしの−はるならぬ−わかみひとつは−もとのみにして
010,01138,つれなさの−たくひまてやは−つらからぬ−つきをもめてし−ありあけのそら,ありあけの−つれなくみえし−わかれより−あかつきはかり−うきものはなし
010,01138,つれなさの−たくひまてやは−つらからぬ−つきをもめてし−ありあけのそら,おほかたは−つきをもめてし−これそこの−つもれはひとの−おいとなるもの
010,01140,なつひきの−てひきのいとの−としへても−たえぬおもひに−むすほほれつつ,なつひきの−てひきのいとを−くりかへし−ことしけくとも−たえむとおもふな
010,01141,いくよわれ−なみにしをれて−きふねかは−そてにたまちる−ものおもふらむ,おくやまに−たきりておつる−たきつせに−たまちるはかり−ものなおもひそ
010,01144,こひしなむ−おなしうきなを−いかにして−あふにかへつと−ひとにいはれむ,いのちやは−なにそはつゆの−あたものを−あふにしかへは−をしからなくに
010,01145,あすしらぬ−いのちをそおもふ−おのつから−あらはあふよを−まつにつけても,いかにして−しはしわすれむ−いのちたに−あらはあふよの−ありもこそすれ
010,01146,つれもなき−ひとのこころは−うつせみの−むなしきこひに−みをやかへてむ,うちはへて−ねをなきくらす−うつせみの−むなしきこひも−われはするかな
010,01152,きのふまて−あふにしかへはと−おもひしを−けふはいのちの−をしくもあるかな,いのちやは−なにそはつゆの−あたものを−あふにしかへは−をしからなくに
010,01153,あふことを−けふまつかえの−たむけくさ−いくよしをるる−そてとかはしる,しらなみの−はままつかえの−たむけくさ−いくよまてにか−としのへぬらむ
010,01156,ひとこころ−うすはなそめの−かりころも−さてたにあらて−いろやかはらむ,よのなかの−ひとのこころは−はなそめの−うつろひやすき−いろにそありける
010,01160,まくらたに−しらねはいはし−みしままに−きみかたるなよ−はるのよのゆめ,ゆめとても−ひとにかたるな−しるといへは−たまくらならぬ−まくらたにせす
010,01166,いかにせむ−くすのうらふく−あきかせに−したはのつゆの−かくれなきみを,あきかせの−ふきうらかへす−くすのはの−うらみてもなほ−うらめしきかな
010,01167,あけかたき−ふたみのうらに−よるなみの−そてのみぬれて−おきつしまひと,ゆふつくよ−おほつかなきを−たまくしけ−ふたみのうらは−あけてこそみめ
010,01174,おもひいてて−いまはけぬへし−よもすから−おきうかりつる−きくのうへのつゆ,おとにのみ−きくのしらつゆ−よるはおきて−ひるはおもひに−あへすけぬへし
010,01175,うはたまの−よるのころもを−たちなから−かへるものとは−いまそしりぬる,いとせめて−こひしきときは−うはたまの−よるのころもを−かへしてそきる
010,01179,こころから−しはしとつつむ−ものからに−しきのはねかき−つらきけさかな,あかつきの−しきのはねかき−ももはかき−きみかこぬよは−われそかすかく
010,01190,にはにおふる−ゆふかけくさの−したつゆや−くれをまつまの−なみたなるらむ,わかやとの−くれくさかけの−しらつゆの−けぬかにもとな−おもほゆるかも
010,01201,いかかふく−みにしむいろの−かはるかな−たのむるくれの−まつかせのこゑ,まつかせは−いろやみとりに−ふきつらむ−ものおもふひとの−みにそしみける
010,01203,いまこむと−たのめしことを−わすれすは−このゆふくれの−つきやまつらむ,いまこむと−いひしはかりに−なかつきの−ありあけのつきを−まちいてつるかな
010,01204,きみまつと−ねやへもいらぬ−まきのとに−いたくなふけそ−やまのはのつき,きみこすは−ねやへもいらし−こむらさき−わかもとゆひに−しもはおくとも
010,01210,なれゆくは−うきよなれはや−すまのあまの−しほやきころも−まとほなるらむ,すまのあまの−しほやきころも−をさをあらみ−まとほにあれや−きみかきまさぬ
010,01218,やましろの−よとのわかこも−かりにきて−そてぬれぬとは−かこたさらなむ,やましろの−よとのわかこも−かりにたに−こぬひとたのむ−われそはかなき
010,01219,かけておもふ−ひともなけれと−ゆふされは−おもかけたえぬ−たまかつらかな,ひとはいさ−おもひやすらむ−たまかつら−おもかけにのみ−いととみえつつ
010,01225,たのめこし−ことのははかり−ととめおきて−あさちかつゆと−きえなましかは,たのめこし−ことのはいまは−かへしてむ−わかみふるれは−おきところなし
010,01241,ことのはの−うつろふたにも−あるものを−いととしくれの−ふりまさるらむ,いまはとて−わかみしくれに−ふりぬれは−ことのはさへに−うつろひにけり
010,01243,くすのはに−あらぬわかみも−あきかせの−ふくにつけつつ−うらみつるかな,あきかせの−ふきうらかへす−くすのはの−うらみてもなほ−うらめしきかな
010,01245,あさちおふる−のへやかるらむ−やまかつの−かきほのくさは−いろもかはらす,あなこひし−いまもみてしか−やまかつの−かきほにさける−やまとなてしこ
010,01257,さらしなや−をはすてやまの−ありあけの−つきすもものを−おもふころかな,わかこころ−なくさめかねつ−さらしなや−をはすてやまに−てるつきをみて
010,01259,さらしなの−やまよりほかに−てるつきも−なくさめかねつ−このころのそら,わかこころ−なくさめかねつ−さらしなや−をはすてやまに−てるつきをみて
010,01271,わすらるる−みをしるそての−むらさめに−つれなくやまの−つきはいてけり,わすらるる−みをしるあめは−ふらねとも−そてはかりこそ−かわかさりけれ
010,01272,めくりあはむ−かきりはいつと−しらねとも−つきなへたてそ−よそのうきくも,わするなよ−ほとはくもゐに−なりぬとも−そらゆくつきの−めくりあふまて
010,01273,わかなみた−もとめてそてに−やとれつき−さりとてひとの−かけはみえねと,こひすれは−わかみはかけと−なりにけり−さりとてひとに−そはぬものゆゑ
010,01275,いくめくり−そらゆくつきも−へたてきぬ−ちきりしなかは−よそのうきくも,わするなよ−ほとはくもゐに−なりぬとも−そらゆくつきの−めくりあふまて
010,01276,いまこむと−ちきりしことは−ゆめなから−みしよににたる−ありあけのつき,いまこむと−いひしはかりに−なかつきの−ありあけのつきを−まちいてつるかな
010,01277,わすれしと−いひしはかりの−なこりとて−そのよのつきは−めくりきにけり,いまこむと−いひしはかりに−なかつきの−ありあけのつきを−まちいてつるかな
010,01277,わすれしと−いひしはかりの−なこりとて−そのよのつきは−めくりきにけり,わするなよ−ほとはくもゐに−なりぬとも−そらゆくつきの−めくりあふまて
010,01278,おもひいてて−よなよなつきに−たつねすは−まてとちきりし−なかやたえなむ,いまこむと−いひしはかりに−なかつきの−ありあけのつきを−まちいてつるかな
010,01284,まつやまと−ちきりしひとは−つれなくて−そてこすなみに−のこるつきかけ,きみをおきて−あたしこころを−わかもたは−すゑのまつやま−なみもこえなむ
010,01285,ならひこし−たかいつはりも−またしらて−まつとせしまの−にはのよもきふ,わかやとは−みちもなきまて−あれにけり−つれなきひとを−まつとせしまに
010,01286,あとたえて−あさちかすゑに−なりにけり−たのめしやとの−にはのしらつゆ,ものをのみ−おもひしほとに−はかなくて−あさちかすゑに−よはなりにけり
010,01287,こぬひとを−おもひたえたる−にはのおもの−よもきかすゑそ−まつにまされる,たのめつつ−こぬよあまたに−なりぬれは−またしとおもふそ−まつにまされる
010,01288,たつねても−そてにかくへき−かたそなき−ふかきよもきの−つゆのかことを,たつねても−われこそとはめ−みちもなく−ふかきよもきの−もとのこころを
010,01288,たつねても−そてにかくへき−かたそなき−ふかきよもきの−つゆのかことを,ほのかにも−のきはのをきを−むすはすは−つゆのかことを−なににかけまし
010,01292,かせふかは−みねにわかれむ−くもをたに−ありしなこりの−かたみともみよ,かせふけは−みねにわかるる−しらくもの−たえてつれなき−きみかこころか
010,01293,いはさりき−いまこむまての−そらのくも−つきひへたてて−ものおもへとは,いまこむと−いひしはかりに−なかつきの−ありあけのつきを−まちいてつるかな
010,01293,いはさりき−いまこむまての−そらのくも−つきひへたてて−ものおもへとは,わするなよ−ほとはくもゐに−なりぬとも−そらゆくつきの−めくりあふまて
010,01300,あはれなそ−こころのやみの−ゆかりとも−みしよのゆめを−たれかさためむ,かきくらす−こころのやみに−まよひにき−ゆめうつつとは−よひとさためよ
010,01305,さらてたに−うらみむとおもふ−わきもこか−ころものすそに−あきかせそふく,わかせこか−ころものすそを−ふきかへし−うらめつらしき−あきのはつかせ
010,01306,こころには−いつもあきなる−ねさめかな−みにしむかせの−いくよともなく,あきならて−おくしらつゆは−ねさめする−わかたまくらの−しつくなりけり
010,01306,こころには−いつもあきなる−ねさめかな−みにしむかせの−いくよともなく,かせのおとの−みにしむはかり−きこゆるは−わかみにあきや−ちかくなるらむ
010,01307,あはれとて−とふひとのなと−なかるらむ−ものおもふやとの−をきのうはかせ,いととしく−ものおもふやとの−をきのはに−あきとつけつる−かせのわひしき
010,01308,わかこひは−いまをかきりと−ゆふまくれ−をきふくかせの−おとつれてゆく,いととしく−ものおもふやとの−をきのはに−あきとつけつる−かせのわひしき
010,01310,いつもきく−ものとやひとの−おもふらむ−こぬゆふくれの−あきかせのこゑ,こぬひとを−まつゆふくれの−あきかせは−いかにふけはか−わひしかるらむ
010,01312,さとはあれぬ−むなしきとこの−あたりまて−みはならはしの−あきかせそふく,たまくらの−すきまのかせも−さむかりき−みはならはしの−ものにそありける
010,01314,ものおもはて−たたおほかたの−つゆにたに−ぬるれはぬるる−あきのたもとを,おほかたの−つゆにはなにの−なるならむ−たもとにおくは−なみたなりけり
010,01315,くさまくら−むすひさためむ−かたしらす−ならはぬのへの−ゆめのかよひち,よひよひに−まくらさためむ−かたもなし−いかにねしよか−ゆめにみえけむ
010,01318,なかめても−あはれとおもへ−おほかたの−そらたにかなし−あきのゆふくれ,おほかたの−あきのそらたに−わひしきに−ものおもひそふる−きみにもあるかな
010,01319,ことのはの−うつりしあきも−すきぬれは−わかみしくれと−ふるなみたかな,いまはとて−わかみしくれに−ふりぬれは−ことのはさへに−うつろひにけり
010,01323,そてのつゆも−あらぬいろにそ−きえかへる−うつれはかはる−なけきせしまに,はなのいろは−うつりにけりな−いたつらに−わかみよにふる−なかめせしまに
010,01324,むせふとも−しらしなこころ−かはらやに−われのみけたぬ−したのけふりは,わすれすよ−またかはらすよ−かはらやの−したたくけふり−したむせひつつ
010,01326,つゆはらふ−ねさめはあきの−むかしにて−みはてぬゆめに−のこるおもかけ,ゆめちにも−やとかすひとの−あらませは−ねさめにつゆは−はらはさらまし
010,01327,こころこそ−ゆくへもしらね−みわのやま−すきのこすゑの−ゆふくれのそら,わかいほは−みわのやまもと−こひしくは−とふらひきませ−すきたてるかと
010,01327,こころこそ−ゆくへもしらね−みわのやま−すきのこすゑの−ゆふくれのそら,わかこひは−ゆくへもしらす−はてもなし−あふをかきりと−おもふはかりそ
010,01327,こころこそ−ゆくへもしらね−みわのやま−すきのこすゑの−ゆふくれのそら,ゆふくれは−くものはたてに−ものそおもふ−あまつそらなる−ひとをこふとて
010,01328,さりともと−まちしつきひそ−うつりゆく−こころのはなの−いろにまかせて,いろみえて−うつろふものは−よのなかの−ひとのこころの−はなにそありける
010,01331,つくつくと−おもひあかしの−うらちとり−なみのまくらに−なくなくそきく,ひとりねは−きみもしりぬや−つれつれと−おもひあかしの−うらさひしさを
010,01332,たつねみる−つらきこころの−おくのうみよ−しほひのかたの−いふかひもなし,いせしまや−しほひのかたに−あさりても−いふかひなきは−わかみなりけり
010,01334,ふりにけり−しくれはそてに−あきかけて−いひしはかりを−まつとせしまに,あきかけて−いひしなからも−あらなくに−このはふりしく−えにこそありけれ
010,01334,ふりにけり−しくれはそてに−あきかけて−いひしはかりを−まつとせしまに,いまこむと−いひしはかりに−なかつきの−ありあけのつきを−まちいてつるかな
010,01336,しろたへの−そてのわかれに−つゆおちて−みにしむいろの−あきかせそふく,ふきよれは−みにもしみける−あきかせを−いろなきものと−おもひけるかな
010,01340,とへかしな−をはなかもとの−おもひくさ−しをるるのへの−つゆはいかにと,みちのへの−をはなかしたの−おもひくさ−いまさらになそ−ものかおもはむ
010,01350,つゆはかり−おくらむそては−たのまれす−なみたのかはの−たきつせなれは,おろかなる−なみたそそてに−たまはなす−われはせきあへす−たきつせなれは
010,01352,みにちかく−きにけるものを−いろかはる−あきをはよそに−おもひしかとも,みにちかく−あきやきぬらむ−みるままに−あをはのやまも−うつろひにけり
010,01353,いろかはる−はきのしたはを−みてもまつ−ひとのこころの−あきそしらるる,あきはきの−したはにつけて−めにちかく−よそなるひとの−こころをそみる
010,01361,うらにたく−もしほのけふり−なひかめや−よものかたより−かせはふくとも,すまのあまの−しほやくけふり−かせをいたみ−おもはぬかたに−たなひきにけり
010,01367,たまみつを−てにむすひても−こころみむ−ぬるくはいしの−なかもたのまし,やましろの−ゐてのたまみつ−てにむすひ−たのみしかひも−なきよなりけり
010,01380,いかにねて−みえしなるらむ−うたたねの−ゆめよりのちは−ものをこそおもへ,よひよひに−まくらさためむ−かたもなし−いかにねしよか−ゆめにみえけむ
010,01385,かくはかり−ねてあかしつる−はるのよに−いかにみえつる−ゆめにかあるらむ,かくはかり−をしとおもふよを−いたつらに−ねてあかすらむ−ひとさへそうき
010,01387,あふとみて−ことそともなく−あけぬなり−はかなのゆめの−わすれかたみや,あきのよも−なのみなりけり−あふといへは−ことそともなく−あけぬるものを
010,01390,かきやりし−そのくろかみの−すちことに−うちふすほとは−おもかけそたつ,くろかみの−みたれもしらす−うちふせは−まつかきやりし−ひとそこひしき
010,01395,なかれいてむ−うきなにしはし−よとむかな−もとめぬそての−ふちはあれとも,なみたかは−みなくはかりの−ふちはあれと−こほりとけねは−ゆくかたもなし
010,01421,みつのうへの−はかなきかすも−おもほえす−ふかきこころし−そこにとまれは,ゆくみつに−かすかくよりも−はかなきは−おもはぬひとを−おもふなりけり
010,01422,なかきよの−つきぬなけきの−たえさらは−なににいのちを−かへてわすれむ,いのちやは−なにそはつゆの−あたものを−あふにしかへは−をしからなくに
010,01444,ももしきに−かはらぬものは−うめのはな−をりてかさせる−にほひなりけり,ももしきの−おほみやひとは−いとまあれや−うめをかさして−ここにつとへる
010,01450,むかしみし−はるはむかしの−はるなから−わかみひとつの−あらすもあるかな,つきやあらぬ−はるやむかしの−はるならぬ−わかみひとつは−もとのみにして
010,01451,かきこしに−みるあたひとの−いへさくら−はなちるはかり−ゆきてをらはや,あたひとの−まかきちかうな−はなうゑそ−にほひもあへす−をりつくしけり
010,01460,みてもまた−またもみまくの−ほしかりし−はなのさかりは−すきやしぬらむ,みてもまた−またもみまくの−ほしけれは−なるるをひとは−いとふへらなり
010,01466,いまはわれ−よしののやまの−はなをこそ−やとのものとも−みるへかりけれ,みよしのの−やまのあなたに−やともかな−よのうきときの−かくれかにせむ
010,01469,みせはやな−しかのからさき−ふもとなる−なからのやまの−はるのけしきを,こころあらむ−ひとにみせはや−つのくにの−なにはわたりの−はるのけしきを
010,01474,しらなみの−こゆらむすゑの−まつやまは−はなとやみゆる−はるのよのつき,きみをおきて−あたしこころを−わかもたは−すゑのまつやま−なみもこえなむ
010,01490,うちわたす−をちかたひとに−こととへと−こたへぬからに−しるきはなかな,うちわたす−をちかたひとに−ものまうすわれ−そのそこに−しろくさけるは−なにのはなそも
010,01492,さみたれは−まやののきはの−あまそそき−あまりなるまて−ぬるるそてかな,催馬楽
010,01496,おもひあれは−つゆはたもとに−まかふかと−あきのはしめを−たれにとはまし,あきやくる−つゆやまかふと−おもふまて−あるはなみたの−ふるにそありける
010,01507,よもすから−うらこくふねは−あともなし−つきそのこれる−しかのからさき,よのなかを−なににたとへむ−あさほらけ−こきゆくふねの−あとのしらなみ
010,01508,やまのはに−おもひもいらし−よのなかは−とてもかくても−ありあけのつき,俊頼髄脳
010,01516,いたつらに−ねてはあかせと−もろともに−きみかこぬよの−つきはみさりき,かくはかり−をしとおもふよを−いたつらに−ねてあかすらむ−ひとさへそうき
010,01519,つきみはと−いひしはかりの−ひとはこて−まきのとたたく−にはのまつかせ,いまこむと−いひしはかりに−なかつきの−ありあけのつきを−まちいてつるかな
010,01522,やまのはを−いててもまつの−このまより−こころつくしの−ありあけのつき,このまより−もりくるつきの−かけみれは−こころつくしの−あきはきにけり
010,01542,みのうさを−つきやあらぬと−なかむれは−むかしなからの−かけそもりくる,つきやあらぬ−はるやむかしの−はるならぬ−わかみひとつは−もとのみにして
010,01547,あまのとを−おしあけかたの−くもまより−かみよのつきの−かけそのこれる,あまのとを－おしあけかたの－つきみれは－うきひとしもそ－こひしかりける#「あまのとを−おしあけかたの−くもまより−かみよのつきの−かけそのこれる」という春日社歌合の類歌あり
010,01550,あやしくそ−かへさはつきの−くもりにし−むかしかたりに−よやふけにけむ,いまよりは−むかしかたりは−こころせむ−あやしきまてに−そてしをれけり
010,01552,すたきけむ−むかしのひとは−かけたえて−やともるものは−ありあけのつき,すたきけむ−むかしのひとも−なきやとに−たたかけするは−あきのよのつき
010,01553,やへむくら−しけれるやとは−ひともなし−まはらにつきの−かけそすみける,やへむくら−しけれるやとの−さひしきに−ひとこそみえね−あきはきにけり
010,01556,わかのうらに−つきのてしほの−さすままに−よるなくつるの−こゑそかなしき,わかのうらに−しほみちくれは−かたをなみ−あしへをさして−たつなきわたる
010,01557,もしほくむ−そてのつきかけ−おのつから−よそにあかさぬ−すまのうらひと,あまのよを−よそにきかめや−すまのうらに−もしほたれしも−たれならなくに
010,01566,しらつゆは−おきにけらしな−みやきのの−もとあらのはきの−すゑたわむまて,みやきのの−もとあらのこはき−つゆをおもみ−かせをまつこと−きみをこそまて
010,01567,をみなへし−さかりのいろを−みるからに−つゆのわきける−みこそしらるれ,はなのいろは−たたひとさかり−こけれとも−かへすかへすそ−つゆはそめける
010,01578,あさことに−みきはのこほり−ふみわけて−きみにつかふる−みちそかしこき,みねのゆき−みきはのこほり−ふみわけて−きみにそまとふ−みちはまとはす
010,01613,すすかやま−うきよをよそに−ふりすてて−いかになりゆく−わかみなるらむ,おともせて−こゆるはしるし−すすかやま−ふりすててける−わかみなりとは
010,01623,やまさとは−よのうきよりも−すみわひぬ−ことのほかなる−みねのあらしに,やまさとは−もののさひしき−ことこそあれ−よのうきよりは−すみよかりけり
010,01636,なからへて−なほきみかよを−まつやまの−まつとせしまに−としそへにける,かくしつつ−とにもかくにも−なからへて−きみかやちよに−あふよしもかな
010,01637,いまはとて−つまきこるへき−やとのまつ−ちよをはきみと−なほいのるかな,すみわひぬ−いまはかきりと−やまさとに−つまきこるへき−やともとめてむ
010,01640,よをそむく−かたはいつくに−ありぬへし−おほはらやまは−すみよかりきや,やまさとは−もののさひしき−ことこそあれ−よのうきよりは−すみよかりけり
010,01643,しをりせて−なほやまふかく−わけいらむ−うきこときかぬ−ところありやと,いかならむ−いはほのうちに−すまはかは−よのうきことの−きこえこさらむ
010,01644,かさしをる−みわのしけやま−かきわけて−あはれとそおもふ−すきたてるかと,わかいほは−みわのやまもと−こひしくは−とふらひきませ−すきたてるかと
010,01645,いつとなく−をくらのやまの−かけをみて−くれぬとひとの−いそくなるかな,ひくらしの−なきつるなへに−ひはくれぬと−おもふはやまの−かけにそありける
010,01646,さかのやま−ちよのふるみち−あととめて−またつゆわくる−もちつきのこま,さかのやま−みゆきたえにし−せりかはの−ちよのふるみち−あとはありけり
010,01668,かけやとす−つゆのみしけく−なりはてて−くさにやつるる−ふるさとのつき,きみしのふ−くさにやつるる−ふるさとは−まつむしのねそ−かなしかりける
010,01669,けふりたえて−やくひともなき−すみかまの−あとのなけきを−たれかこるらむ,おほはらや−またすみかまも−ならはねは−わかやとのみそ−けふりたえたる
010,01672,をののえの−くちしむかしは−とほけれと−ありしにあらぬ−よをもふるかな,ふるさとは−みしこともあらす−をののえの−くちしところそ−こひしかりける
010,01678,しけきのを−いくひとむらに−わけなして−さらにむかしを−しのひかへさむ,きみかうゑし−ひとむらすすき−むしのねの−しけきのへとも−なりにけるかな
010,01684,いそのかみ−ふりにしひとを−たつぬれは−あれたるやとに−すみれつみけり,わかやとに−すみれのはなの−おほけれは−きやとるひとや−あるとまつかな
010,01686,わくらはに−とはれしひとも−むかしにて−それよりにはの−あとはたえにき,すかはらや−ふしみのさとの−あれしより−かよひしひとの−あともたえにき
010,01697,つくしにも−むらさきおふる−のへはあれと−なきなかなしむ−ひとそきこえぬ,むらさきの−ひともとゆゑに−むさしのの−くさはみなから−あはれとそみる
010,01716,しほのまに−よものうらうら−たつぬれと−いまはわかみの−いふかひもなし,しほのまに−あさりするあまも−おのかよよ−かひありとこそ−おもふへらなれ
010,01717,いにしへの−あまやけふりと−なりぬらむ−ひとめもみえぬ−しほかまのうら,大和物語
010,01725,おほよとの−うらにかりほす−みるめたに−かすみにたえて−かへるかりかね,おほよとの−はまにおふてふ−みるからに−こころはなきぬ−かたらはねとも
010,01725,おほよとの−うらにかりほす−みるめたに−かすみにたえて−かへるかりかね,そてぬれて−あまのかりほす−わたつうみの−みるをあふにて−やまむとやする
010,01728,あさからぬ−こころそみゆる−おとはかは−せきいれしみつの−なかれならねと,おとはかは−せきいれておとす−たきつせに−ひとのこころの−みえもするかな
010,01758,そてにおく−つゆをはつゆと−しのへとも−なれゆくつきや−いろをしるらむ,あきのよの−つゆをはつゆと−おきなから−かりのなみたや−のへをそむらむ
010,01759,きみかよに−あはすはなにを−たまのをの−なかくとまては−をしまれしみを,かたいとを−こなたかなたに−よりかけて−あはすはなにを−たまのをにせむ
010,01761,わかのうらや−おきつしほあひに−うかひいつる−あはれわかみの−よるへしらせよ,わたつうみの−おきつしほあひに−うかふあわの−きえぬものから−よるかたもなし
010,01812,たらちねの−いさめしものを−つれつれと−なかむるをたに−とふひともなし,たらちねの−おやのいさめし−うたたねは−おもおもふときの−わさにそありける
010,01814,くらゐやま−あとをたつねて−のほれとも−こをおもふみちに−なほまよひぬる,ひとのおやの−こころはやみに−あらねとも−こをおもふみちに−まとひぬるかな
010,01830,いかかすへき−よにあらはやは−よをもすてて−あなうのよやと−さらにおもはむ,しかりとて−そむかれなくに−ことしあれは−まつなけかれぬ−あなうよのなか
010,01849,かせはやみ−をきのはことに−おくつゆの−おくれさきたつ−ほとのはかなさ,すゑのつゆ−もとのしつくや−よのなかの−おくれさきたつ−ためしなるらむ
010,01932,とくみのり−きくのしらつゆ−よるはおきて−つとめてきえむ−ことをしそおもふ,おとにのみ−きくのしらつゆ−よるはおきて−ひるはおもひに−あへすけぬへし
010,01937,むらさきの−くもちにさそふ−ことのねに−うきよをはらふ−みねのまつかせ,ことのねに−みねのまつかせ−かよふなり−いつれのをより−しらへそめけむ
010,01939,はるあきも−かきらぬはなに−おくつゆは−おくれさきたつ−うらみやはある,すゑのつゆ−もとのしつくや−よのなかの−おくれさきたつ−ためしなるらむ
010,01958,あひみても−みねにわかるる−しらくもの−かかるこのよの−いとはしきかな,かせふけは−みねにわかるる−しらくもの−たえてつれなき−きみかこころか
